mal_id,type,name,url
65,anime,Tokyo Movie Shinsha,https://myanimelist.net/anime/producer/65/Tokyo_Movie_Shinsha
200,anime,Tezuka Productions,https://myanimelist.net/anime/producer/200/Tezuka_Productions
589,anime,Academy Productions,https://myanimelist.net/anime/producer/589/Academy_Productions
247,anime,Shin-Ei Animation,https://myanimelist.net/anime/producer/247/Shin-Ei_Animation
103,anime,Tatsunoko Production,https://myanimelist.net/anime/producer/103/Tatsunoko_Production
390,anime,Tsuchida Productions,https://myanimelist.net/anime/producer/390/Tsuchida_Productions
14,anime,Sunrise,https://myanimelist.net/anime/producer/14/Sunrise
22,anime,Nippon Animation,https://myanimelist.net/anime/producer/22/Nippon_Animation
18,anime,Toei Animation,https://myanimelist.net/anime/producer/18/Toei_Animation
242,anime,Ashi Productions,https://myanimelist.net/anime/producer/242/Ashi_Productions
452,anime,Knack Productions,https://myanimelist.net/anime/producer/452/Knack_Productions
1,anime,Pierrot,https://myanimelist.net/anime/producer/1/Pierrot
37,anime,Studio Deen,https://myanimelist.net/anime/producer/37/Studio_Deen
73,anime,TMS Entertainment,https://myanimelist.net/anime/producer/73/TMS_Entertainment
939,anime,Tama Production,https://myanimelist.net/anime/producer/939/Tama_Production
246,anime,Visual 80,https://myanimelist.net/anime/producer/246/Visual_80
86,anime,Group TAC,https://myanimelist.net/anime/producer/86/Group_TAC
44,anime,Shaft,https://myanimelist.net/anime/producer/44/Shaft
281,anime,Kokusai Eigasha,https://myanimelist.net/anime/producer/281/Kokusai_Eigasha
1509,anime,Studio World,https://myanimelist.net/anime/producer/1509/Studio_World
2256,anime,Kitty Film Mitaka Studio,https://myanimelist.net/anime/producer/2256/Kitty_Film_Mitaka_Studio
8,anime,Artland,https://myanimelist.net/anime/producer/8/Artland
288,anime,Kaname Productions,https://myanimelist.net/anime/producer/288/Kaname_Productions
191,anime,Eiken,https://myanimelist.net/anime/producer/191/Eiken
36,anime,Gallop,https://myanimelist.net/anime/producer/36/Gallop
11,anime,Madhouse,https://myanimelist.net/anime/producer/11/Madhouse
363,anime,Topcraft,https://myanimelist.net/anime/producer/363/Topcraft
72,anime,Artmic,https://myanimelist.net/anime/producer/72/Artmic
471,anime,Shanghai Animation Film Studio,https://myanimelist.net/anime/producer/471/Shanghai_Animation_Film_Studio
126,anime,Studio Comet,https://myanimelist.net/anime/producer/126/Studio_Comet
196,anime,Production Reed,https://myanimelist.net/anime/producer/196/Production_Reed
226,anime,Panmedia,https://myanimelist.net/anime/producer/226/Panmedia
1754,anime,Meruhensha,https://myanimelist.net/anime/producer/1754/Meruhensha
280,anime,Studio Junio,https://myanimelist.net/anime/producer/280/Studio_Junio
68,anime,Mushi Production,https://myanimelist.net/anime/producer/68/Mushi_Production
48,anime,AIC,https://myanimelist.net/anime/producer/48/AIC
358,anime,Telescreen,https://myanimelist.net/anime/producer/358/Telescreen
39,anime,Daume,https://myanimelist.net/anime/producer/39/Daume
228,anime,Daewon Media,https://myanimelist.net/anime/producer/228/Daewon_Media
10,anime,Production I.G,https://myanimelist.net/anime/producer/10/Production_IG
6,anime,Gainax,https://myanimelist.net/anime/producer/6/Gainax
1191,anime,Azeta Pictures,https://myanimelist.net/anime/producer/1191/Azeta_Pictures
326,anime,Animation 21,https://myanimelist.net/anime/producer/326/Animation_21
198,anime,Gakken,https://myanimelist.net/anime/producer/198/Gakken
312,anime,Life Work,https://myanimelist.net/anime/producer/312/Life_Work
154,anime,E&G Films,https://myanimelist.net/anime/producer/154/E_G_Films
413,anime,Pastel,https://myanimelist.net/anime/producer/413/Pastel
30,anime,Ajia-do,https://myanimelist.net/anime/producer/30/Ajia-do
1545,anime,Japan Taps,https://myanimelist.net/anime/producer/1545/Japan_Taps
150,anime,Sanrio,https://myanimelist.net/anime/producer/150/Sanrio
256,anime,Studio Kikan,https://myanimelist.net/anime/producer/256/Studio_Kikan
1153,anime,Image Kei,https://myanimelist.net/anime/producer/1153/Image_Kei
1129,anime,Pierrot Plus,https://myanimelist.net/anime/producer/1129/Pierrot_Plus
420,anime,ACC Production,https://myanimelist.net/anime/producer/420/ACC_Production
1435,anime,JCF,https://myanimelist.net/anime/producer/1435/JCF
7,anime,J.C.Staff,https://myanimelist.net/anime/producer/7/JCStaff
1009,anime,Aubec,https://myanimelist.net/anime/producer/1009/Aubec
27,anime,Xebec,https://myanimelist.net/anime/producer/27/Xebec
28,anime,OLM,https://myanimelist.net/anime/producer/28/OLM
391,anime,Grouper Productions,https://myanimelist.net/anime/producer/391/Grouper_Productions
375,anime,I.Toon,https://myanimelist.net/anime/producer/375/IToon
249,anime,Robot Communications,https://myanimelist.net/anime/producer/249/Robot_Communications
207,anime,Magic Bus,https://myanimelist.net/anime/producer/207/Magic_Bus
107,anime,Plum,https://myanimelist.net/anime/producer/107/Plum
81,anime,Radix,https://myanimelist.net/anime/producer/81/Radix
80,anime,Trans Arts,https://myanimelist.net/anime/producer/80/Trans_Arts
110,anime,Triangle Staff,https://myanimelist.net/anime/producer/110/Triangle_Staff
583,anime,Annapuru,https://myanimelist.net/anime/producer/583/Annapuru
34,anime,Hal Film Maker,https://myanimelist.net/anime/producer/34/Hal_Film_Maker
77,anime,APPP,https://myanimelist.net/anime/producer/77/APPP
5,anime,Bee Train,https://myanimelist.net/anime/producer/5/Bee_Train
50,anime,KSS,https://myanimelist.net/anime/producer/50/KSS
329,anime,Phoenix Entertainment,https://myanimelist.net/anime/producer/329/Phoenix_Entertainment
386,anime,Animaruya,https://myanimelist.net/anime/producer/386/Animaruya
338,anime,Studio Bogey,https://myanimelist.net/anime/producer/338/Studio_Bogey
1065,anime,Public & Basic,https://myanimelist.net/anime/producer/1065/Public___Basic
122,anime,Tokyo Kids,https://myanimelist.net/anime/producer/122/Tokyo_Kids
94,anime,Telecom Animation Film,https://myanimelist.net/anime/producer/94/Telecom_Animation_Film
398,anime,Milky Cartoon,https://myanimelist.net/anime/producer/398/Milky_Cartoon
41,anime,Satelight,https://myanimelist.net/anime/producer/41/Satelight
60,anime,Actas,https://myanimelist.net/anime/producer/60/Actas
101,anime,Studio Hibari,https://myanimelist.net/anime/producer/101/Studio_Hibari
2416,anime,Kent House,https://myanimelist.net/anime/producer/2416/Kent_House
2342,anime,PP Project,https://myanimelist.net/anime/producer/2342/PP_Project
1133,anime,dwarf,https://myanimelist.net/anime/producer/1133/dwarf
3,anime,Gonzo,https://myanimelist.net/anime/producer/3/Gonzo
1724,anime,Studio OX,https://myanimelist.net/anime/producer/1724/Studio_OX
1846,anime,Tokyo Movie,https://myanimelist.net/anime/producer/1846/Tokyo_Movie
4,anime,Bones,https://myanimelist.net/anime/producer/4/Bones
1023,anime,Polygon Pictures,https://myanimelist.net/anime/producer/1023/Polygon_Pictures
93,anime,Studio Flag,https://myanimelist.net/anime/producer/93/Studio_Flag
120,anime,TNK,https://myanimelist.net/anime/producer/120/TNK
523,anime,SBS TV Production,https://myanimelist.net/anime/producer/523/SBS_TV_Production
1037,anime,Japan Vistec,https://myanimelist.net/anime/producer/1037/Japan_Vistec
629,anime,Studio Sign,https://myanimelist.net/anime/producer/629/Studio_Sign
24,anime,Studio Fantasia,https://myanimelist.net/anime/producer/24/Studio_Fantasia
136,anime,Vega Entertainment,https://myanimelist.net/anime/producer/136/Vega_Entertainment
13,anime,Studio 4°C,https://myanimelist.net/anime/producer/13/Studio_4%C2%B0C
218,anime,Zexcs,https://myanimelist.net/anime/producer/218/Zexcs
2459,anime,Studio Gazelle,https://myanimelist.net/anime/producer/2459/Studio_Gazelle
193,anime,Idea Factory,https://myanimelist.net/anime/producer/193/Idea_Factory
1025,anime,Dongwoo A&E,https://myanimelist.net/anime/producer/1025/Dongwoo_A_E
2282,anime,Studio Guts,https://myanimelist.net/anime/producer/2282/Studio_Guts
463,anime,M.S.C,https://myanimelist.net/anime/producer/463/MSC
179,anime,A.C.G.T.,https://myanimelist.net/anime/producer/179/ACGT
43,anime,ufotable,https://myanimelist.net/anime/producer/43/ufotable
409,anime,Studio Egg,https://myanimelist.net/anime/producer/409/Studio_Egg
75,anime,Imagin,https://myanimelist.net/anime/producer/75/Imagin
112,anime,Brain's Base,https://myanimelist.net/anime/producer/112/Brains_Base
462,anime,Chaos Project,https://myanimelist.net/anime/producer/462/Chaos_Project
721,anime,GANSIS,https://myanimelist.net/anime/producer/721/GANSIS
88,anime,AIC ASTA,https://myanimelist.net/anime/producer/88/AIC_ASTA
175,anime,Planet,https://myanimelist.net/anime/producer/175/Planet
118,anime,SynergySP,https://myanimelist.net/anime/producer/118/SynergySP
1383,anime,Studio Live,https://myanimelist.net/anime/producer/1383/Studio_Live
2,anime,Kyoto Animation,https://myanimelist.net/anime/producer/2/Kyoto_Animation
114,anime,Studio Matrix,https://myanimelist.net/anime/producer/114/Studio_Matrix
91,anime,feel.,https://myanimelist.net/anime/producer/91/feel
96,anime,Yumeta Company,https://myanimelist.net/anime/producer/96/Yumeta_Company
1662,anime,Creators Dot Com,https://myanimelist.net/anime/producer/1662/Creators_Dot_Com
70,anime,Nomad,https://myanimelist.net/anime/producer/70/Nomad
455,anime,Palm Studio,https://myanimelist.net/anime/producer/455/Palm_Studio
35,anime,Seven Arcs,https://myanimelist.net/anime/producer/35/Seven_Arcs
63,anime,Trinet Entertainment,https://myanimelist.net/anime/producer/63/Trinet_Entertainment
78,anime,Picture Magic,https://myanimelist.net/anime/producer/78/Picture_Magic
1363,anime,Marine Entertainment,https://myanimelist.net/anime/producer/1363/Marine_Entertainment
38,anime,Arms,https://myanimelist.net/anime/producer/38/Arms
32,anime,Manglobe,https://myanimelist.net/anime/producer/32/Manglobe
131,anime,G&G Entertainment,https://myanimelist.net/anime/producer/131/G_G_Entertainment
434,anime,Synergy Japan,https://myanimelist.net/anime/producer/434/Synergy_Japan
83,anime,AIC Spirits,https://myanimelist.net/anime/producer/83/AIC_Spirits
890,anime,Karaku,https://myanimelist.net/anime/producer/890/Karaku
389,anime,I-move,https://myanimelist.net/anime/producer/389/I-move
474,anime,Shogakukan Music & Digital Entertainment,https://myanimelist.net/anime/producer/474/Shogakukan_Music___Digital_Entertainment
177,anime,Studio Kyuuma,https://myanimelist.net/anime/producer/177/Studio_Kyuuma
163,anime,asread.,https://myanimelist.net/anime/producer/163/asread
2257,anime,XEBEC M2,https://myanimelist.net/anime/producer/2257/XEBEC_M2
442,anime,Minami Machi Bugyousho,https://myanimelist.net/anime/producer/442/Minami_Machi_Bugyousho
374,anime,Plus Heads,https://myanimelist.net/anime/producer/374/Plus_Heads
1927,anime,Studio Crocodile,https://myanimelist.net/anime/producer/1927/Studio_Crocodile
229,anime,The Answer Studio,https://myanimelist.net/anime/producer/229/The_Answer_Studio
1437,anime,Ishimori Entertainment,https://myanimelist.net/anime/producer/1437/Ishimori_Entertainment
176,anime,Ginga Ya,https://myanimelist.net/anime/producer/176/Ginga_Ya
433,anime,View Works,https://myanimelist.net/anime/producer/433/View_Works
49,anime,Remic,https://myanimelist.net/anime/producer/49/Remic
276,anime,DLE,https://myanimelist.net/anime/producer/276/DLE
406,anime,Asahi Production,https://myanimelist.net/anime/producer/406/Asahi_Production
2410,anime,Gonzino,https://myanimelist.net/anime/producer/2410/Gonzino
1726,anime,Three-d,https://myanimelist.net/anime/producer/1726/Three-d
56,anime,A-1 Pictures,https://myanimelist.net/anime/producer/56/A-1_Pictures
466,anime,Digital Media Lab,https://myanimelist.net/anime/producer/466/Digital_Media_Lab
429,anime,Office AO,https://myanimelist.net/anime/producer/429/Office_AO
343,anime,Puzzle Animation Studio Limited,https://myanimelist.net/anime/producer/343/Puzzle_Animation_Studio_Limited
322,anime,Bee Media,https://myanimelist.net/anime/producer/322/Bee_Media
607,anime,RAMS,https://myanimelist.net/anime/producer/607/RAMS
909,anime,Studio Kelmadick,https://myanimelist.net/anime/producer/909/Studio_Kelmadick
95,anime,Doga Kobo,https://myanimelist.net/anime/producer/95/Doga_Kobo
51,anime,Diomedéa,https://myanimelist.net/anime/producer/51/Diomed%C3%A9a
235,anime,Shirogumi,https://myanimelist.net/anime/producer/235/Shirogumi
89,anime,BeSTACK,https://myanimelist.net/anime/producer/89/BeSTACK
69,anime,Front Line,https://myanimelist.net/anime/producer/69/Front_Line
330,anime,Kanaban Graphics,https://myanimelist.net/anime/producer/330/Kanaban_Graphics
1522,anime,Echoes,https://myanimelist.net/anime/producer/1522/Echoes
285,anime,Four Some,https://myanimelist.net/anime/producer/285/Four_Some
1678,anime,Yuhodo,https://myanimelist.net/anime/producer/1678/Yuhodo
336,anime,JM Animation,https://myanimelist.net/anime/producer/336/JM_Animation
59,anime,Beat Frog,https://myanimelist.net/anime/producer/59/Beat_Frog
1442,anime,Mook DLE,https://myanimelist.net/anime/producer/1442/Mook_DLE
1768,anime,Sparkly Key Animation Studio,https://myanimelist.net/anime/producer/1768/Sparkly_Key_Animation_Studio
370,anime,Iyasakadou Film,https://myanimelist.net/anime/producer/370/Iyasakadou_Film
444,anime,Jinnis Animation Studios,https://myanimelist.net/anime/producer/444/Jinnis_Animation_Studios
2250,anime,Spooky graphic,https://myanimelist.net/anime/producer/2250/Spooky_graphic
1171,anime,Olive Studio,https://myanimelist.net/anime/producer/1171/Olive_Studio
132,anime,P.A. Works,https://myanimelist.net/anime/producer/132/PA_Works
521,anime,Anpro,https://myanimelist.net/anime/producer/521/Anpro
287,anime,David Production,https://myanimelist.net/anime/producer/287/David_Production
1239,anime,KeyEast,https://myanimelist.net/anime/producer/1239/KeyEast
1454,anime,REALTHING,https://myanimelist.net/anime/producer/1454/REALTHING
309,anime,GoHands,https://myanimelist.net/anime/producer/309/GoHands
1231,anime,OLM Digital,https://myanimelist.net/anime/producer/1231/OLM_Digital
314,anime,White Fox,https://myanimelist.net/anime/producer/314/White_Fox
300,anime,SILVER LINK.,https://myanimelist.net/anime/producer/300/SILVER_LINK
325,anime,Code,https://myanimelist.net/anime/producer/325/Code
290,anime,Kinema Citrus,https://myanimelist.net/anime/producer/290/Kinema_Citrus
333,anime,TYO Animations,https://myanimelist.net/anime/producer/333/TYO_Animations
432,anime,Kachidoki Studio,https://myanimelist.net/anime/producer/432/Kachidoki_Studio
1947,anime,Kate Arrow,https://myanimelist.net/anime/producer/1947/Kate_Arrow
553,anime,Marvy Jack,https://myanimelist.net/anime/producer/553/Marvy_Jack
292,anime,AIC PLUS+,https://myanimelist.net/anime/producer/292/AIC_PLUS_
367,anime,Heewon Entertainment,https://myanimelist.net/anime/producer/367/Heewon_Entertainment
1797,anime,NHK Enterprises,https://myanimelist.net/anime/producer/1797/NHK_Enterprises
315,anime,DAX Production,https://myanimelist.net/anime/producer/315/DAX_Production
486,anime,Digital Frontier,https://myanimelist.net/anime/producer/486/Digital_Frontier
850,anime,Kenji Studio,https://myanimelist.net/anime/producer/850/Kenji_Studio
436,anime,AIC Build,https://myanimelist.net/anime/producer/436/AIC_Build
400,anime,Gathering,https://myanimelist.net/anime/producer/400/Gathering
340,anime,Future Planet,https://myanimelist.net/anime/producer/340/Future_Planet
1456,anime,Beijing Huihuang Animation Company,https://myanimelist.net/anime/producer/1456/Beijing_Huihuang_Animation_Company
2746,anime,Studio Vandal,https://myanimelist.net/anime/producer/2746/Studio_Vandal
397,anime,Bridge,https://myanimelist.net/anime/producer/397/Bridge
346,anime,Hoods Entertainment,https://myanimelist.net/anime/producer/346/Hoods_Entertainment
1436,anime,Stingray,https://myanimelist.net/anime/producer/1436/Stingray
456,anime,Lerche,https://myanimelist.net/anime/producer/456/Lerche
541,anime,Seven,https://myanimelist.net/anime/producer/541/Seven
565,anime,LMD,https://myanimelist.net/anime/producer/565/LMD
418,anime,Studio Gokumi,https://myanimelist.net/anime/producer/418/Studio_Gokumi
318,anime,WAO World,https://myanimelist.net/anime/producer/318/WAO_World
1292,anime,TUBA,https://myanimelist.net/anime/producer/1292/TUBA
1939,anime,Alpha Animation,https://myanimelist.net/anime/producer/1939/Alpha_Animation
1290,anime,Pollyanna Graphics,https://myanimelist.net/anime/producer/1290/Pollyanna_Graphics
593,anime,Egg,https://myanimelist.net/anime/producer/593/Egg
271,anime,Barnum Studio,https://myanimelist.net/anime/producer/271/Barnum_Studio
439,anime,Project No.9,https://myanimelist.net/anime/producer/439/Project_No9
478,anime,Studio Blanc.,https://myanimelist.net/anime/producer/478/Studio_Blanc
441,anime,8bit,https://myanimelist.net/anime/producer/441/8bit
1306,anime,AIC Classic,https://myanimelist.net/anime/producer/1306/AIC_Classic
569,anime,MAPPA,https://myanimelist.net/anime/producer/569/MAPPA
1258,anime,Bandai Namco Pictures,https://myanimelist.net/anime/producer/1258/Bandai_Namco_Pictures
537,anime,SANZIGEN,https://myanimelist.net/anime/producer/537/SANZIGEN
911,anime,Passione,https://myanimelist.net/anime/producer/911/Passione
896,anime,Larx Entertainment,https://myanimelist.net/anime/producer/896/Larx_Entertainment
563,anime,LandQ studios,https://myanimelist.net/anime/producer/563/LandQ_studios
587,anime,Tomason,https://myanimelist.net/anime/producer/587/Tomason
723,anime,Hotline,https://myanimelist.net/anime/producer/723/Hotline
605,anime,C2C,https://myanimelist.net/anime/producer/605/C2C
111,anime,NHK,https://myanimelist.net/anime/producer/111/NHK
581,anime,Sparky Animation,https://myanimelist.net/anime/producer/581/Sparky_Animation
601,anime,ixtl,https://myanimelist.net/anime/producer/601/ixtl
805,anime,AIC Frontier,https://myanimelist.net/anime/producer/805/AIC_Frontier
334,anime,Ordet,https://myanimelist.net/anime/producer/334/Ordet
354,anime,Encourage Films,https://myanimelist.net/anime/producer/354/Encourage_Films
2281,anime,Rocen,https://myanimelist.net/anime/producer/2281/Rocen
803,anime,Trigger,https://myanimelist.net/anime/producer/803/Trigger
957,anime,Connect,https://myanimelist.net/anime/producer/957/Connect
949,anime,teamKG,https://myanimelist.net/anime/producer/949/teamKG
839,anime,LIDENFILMS,https://myanimelist.net/anime/producer/839/LIDENFILMS
1560,anime,Yaoyorozu,https://myanimelist.net/anime/producer/1560/Yaoyorozu
1013,anime,Opera House,https://myanimelist.net/anime/producer/1013/Opera_House
858,anime,Wit Studio,https://myanimelist.net/anime/producer/858/Wit_Studio
1569,anime,Seven Arcs Pictures,https://myanimelist.net/anime/producer/1569/Seven_Arcs_Pictures
1109,anime,Orange,https://myanimelist.net/anime/producer/1109/Orange
1271,anime,Assez Finaud Fabric,https://myanimelist.net/anime/producer/1271/Assez_Finaud_Fabric
894,anime,Graphinica,https://myanimelist.net/anime/producer/894/Graphinica
929,anime,Animation Do,https://myanimelist.net/anime/producer/929/Animation_Do
1169,anime,ILCA,https://myanimelist.net/anime/producer/1169/ILCA
2432,anime,happyproject,https://myanimelist.net/anime/producer/2432/happyproject
848,anime,Kazami Gakuen Koushiki Douga-bu,https://myanimelist.net/anime/producer/848/Kazami_Gakuen_Koushiki_Douga-bu
856,anime,Charaction,https://myanimelist.net/anime/producer/856/Charaction
1487,anime,Bouncy,https://myanimelist.net/anime/producer/1487/Bouncy
866,anime,Fanworks,https://myanimelist.net/anime/producer/866/Fanworks
1053,anime,Production IMS,https://myanimelist.net/anime/producer/1053/Production_IMS
1440,anime,Felix Film,https://myanimelist.net/anime/producer/1440/Felix_Film
1127,anime,Studio 3Hz,https://myanimelist.net/anime/producer/1127/Studio_3Hz
21,anime,Studio Ghibli,https://myanimelist.net/anime/producer/21/Studio_Ghibli
1229,anime,Pie in the sky,https://myanimelist.net/anime/producer/1229/Pie_in_the_sky
1197,anime,Steve N' Steven,https://myanimelist.net/anime/producer/1197/Steve_N_Steven
2703,anime,Oyster,https://myanimelist.net/anime/producer/2703/Oyster
1075,anime,C-Station,https://myanimelist.net/anime/producer/1075/C-Station
473,anime,Ascension,https://myanimelist.net/anime/producer/473/Ascension
1103,anime,TROYCA,https://myanimelist.net/anime/producer/1103/TROYCA
951,anime,NAZ,https://myanimelist.net/anime/producer/951/NAZ
169,anime,Fuji TV,https://myanimelist.net/anime/producer/169/Fuji_TV
1165,anime,Tri-Slash,https://myanimelist.net/anime/producer/1165/Tri-Slash
1087,anime,Lay-duce,https://myanimelist.net/anime/producer/1087/Lay-duce
1099,anime,Cyclone Graphics,https://myanimelist.net/anime/producer/1099/Cyclone_Graphics
1077,anime,MMDGP,https://myanimelist.net/anime/producer/1077/MMDGP
2075,anime,Taomee,https://myanimelist.net/anime/producer/2075/Taomee
852,anime,Nexus,https://myanimelist.net/anime/producer/852/Nexus
1195,anime,Creators in Pack,https://myanimelist.net/anime/producer/1195/Creators_in_Pack
1265,anime,Tomovies,https://myanimelist.net/anime/producer/1265/Tomovies
1067,anime,Rising Force,https://myanimelist.net/anime/producer/1067/Rising_Force
1237,anime,Millepensee,https://myanimelist.net/anime/producer/1237/Millepensee
898,anime,I.Gzwei,https://myanimelist.net/anime/producer/898/IGzwei
1278,anime,Signal.MD,https://myanimelist.net/anime/producer/1278/SignalMD
833,anime,Kyotoma,https://myanimelist.net/anime/producer/833/Kyotoma
1300,anime,Office Nobu,https://myanimelist.net/anime/producer/1300/Office_Nobu
1264,anime,EMT Squared,https://myanimelist.net/anime/producer/1264/EMT_Squared
291,anime,CoMix Wave Films,https://myanimelist.net/anime/producer/291/CoMix_Wave_Films
1135,anime,FOREST Hunting One,https://myanimelist.net/anime/producer/1135/FOREST_Hunting_One
2677,anime,Central Animation Studio,https://myanimelist.net/anime/producer/2677/Central_Animation_Studio
1266,anime,Studio! Cucuri,https://myanimelist.net/anime/producer/1266/Studio_Cucuri
1257,anime,A-Real,https://myanimelist.net/anime/producer/1257/A-Real
1005,anime,Oddjob,https://myanimelist.net/anime/producer/1005/Oddjob
1119,anime,Shuka,https://myanimelist.net/anime/producer/1119/Shuka
1244,anime,Studio VOLN,https://myanimelist.net/anime/producer/1244/Studio_VOLN
1281,anime,Office DCI,https://myanimelist.net/anime/producer/1281/Office_DCI
1360,anime,Hoods Drifters Studio,https://myanimelist.net/anime/producer/1360/Hoods_Drifters_Studio
1536,anime,Namu Animation,https://myanimelist.net/anime/producer/1536/Namu_Animation
1547,anime,Blade,https://myanimelist.net/anime/producer/1547/Blade
1325,anime,Haoliners Animation League,https://myanimelist.net/anime/producer/1325/Haoliners_Animation_League
1562,anime,Team YokkyuFuman,https://myanimelist.net/anime/producer/1562/Team_YokkyuFuman
1514,anime,Tengu Kobo,https://myanimelist.net/anime/producer/1514/Tengu_Kobo
1295,anime,PINE JAM,https://myanimelist.net/anime/producer/1295/PINE_JAM
1296,anime,Marza Animation Planet,https://myanimelist.net/anime/producer/1296/Marza_Animation_Planet
64,anime,Sotsu,https://myanimelist.net/anime/producer/64/Sotsu
2140,anime,Qianqi Animation,https://myanimelist.net/anime/producer/2140/Qianqi_Animation
1558,anime,TOCSIS,https://myanimelist.net/anime/producer/1558/TOCSIS
1063,anime,Calf Studio,https://myanimelist.net/anime/producer/1063/Calf_Studio
472,anime,Usagi Ou,https://myanimelist.net/anime/producer/472/Usagi_Ou
1828,anime,Lapin Track,https://myanimelist.net/anime/producer/1828/Lapin_Track
1299,anime,AXsiZ,https://myanimelist.net/anime/producer/1299/AXsiZ
1320,anime,Joker Films,https://myanimelist.net/anime/producer/1320/Joker_Films
1766,anime,Husio Studio,https://myanimelist.net/anime/producer/1766/Husio_Studio
1444,anime,Egg Firm,https://myanimelist.net/anime/producer/1444/Egg_Firm
1381,anime,GEMBA,https://myanimelist.net/anime/producer/1381/GEMBA
1471,anime,Platinum Vision,https://myanimelist.net/anime/producer/1471/Platinum_Vision
1379,anime,Zero-G,https://myanimelist.net/anime/producer/1379/Zero-G
2306,anime,LIDENFILMS Kyoto Studio,https://myanimelist.net/anime/producer/2306/LIDENFILMS_Kyoto_Studio
1291,anime,KOO-KI,https://myanimelist.net/anime/producer/1291/KOO-KI
1340,anime,Typhoon Graphics,https://myanimelist.net/anime/producer/1340/Typhoon_Graphics
1111,anime,DandeLion Animation Studio,https://myanimelist.net/anime/producer/1111/DandeLion_Animation_Studio
753,anime,PRA,https://myanimelist.net/anime/producer/753/PRA
1209,anime,Studio A-CAT,https://myanimelist.net/anime/producer/1209/Studio_A-CAT
1829,anime,Lesprit,https://myanimelist.net/anime/producer/1829/Lesprit
1661,anime,drop,https://myanimelist.net/anime/producer/1661/drop
2040,anime,Maro Studio,https://myanimelist.net/anime/producer/2040/Maro_Studio
1690,anime,Imagineer,https://myanimelist.net/anime/producer/1690/Imagineer
1396,anime,W-Toon Studio,https://myanimelist.net/anime/producer/1396/W-Toon_Studio
1673,anime,DMM.futureworks,https://myanimelist.net/anime/producer/1673/DMMfutureworks
2046,anime,Dazzling Star,https://myanimelist.net/anime/producer/2046/Dazzling_Star
1567,anime,Nut,https://myanimelist.net/anime/producer/1567/Nut
1353,anime,Issen,https://myanimelist.net/anime/producer/1353/Issen
1529,anime,Studio M2,https://myanimelist.net/anime/producer/1529/Studio_M2
1489,anime,Ripromo,https://myanimelist.net/anime/producer/1489/Ripromo
1286,anime,10Gauge,https://myanimelist.net/anime/producer/1286/10Gauge
1835,anime,CloverWorks,https://myanimelist.net/anime/producer/1835/CloverWorks
1393,anime,Geno Studio,https://myanimelist.net/anime/producer/1393/Geno_Studio
1860,anime,Magia Doraglier,https://myanimelist.net/anime/producer/1860/Magia_Doraglier
1853,anime,Saetta,https://myanimelist.net/anime/producer/1853/Saetta
1857,anime,Geek Toys,https://myanimelist.net/anime/producer/1857/Geek_Toys
1851,anime,Jumonji,https://myanimelist.net/anime/producer/1851/Jumonji
2037,anime,Okuruto Noboru,https://myanimelist.net/anime/producer/2037/Okuruto_Noboru
1357,anime,Craftar Studios,https://myanimelist.net/anime/producer/1357/Craftar_Studios
1849,anime,MASTER LIGHTS,https://myanimelist.net/anime/producer/1849/MASTER_LIGHTS
1861,anime,Animation Planet,https://myanimelist.net/anime/producer/1861/Animation_Planet
1324,anime,Shimogumi,https://myanimelist.net/anime/producer/1324/Shimogumi
2596,anime,Comma Studio,https://myanimelist.net/anime/producer/2596/Comma_Studio
1669,anime,production doA,https://myanimelist.net/anime/producer/1669/production_doA
1314,anime,Gaina,https://myanimelist.net/anime/producer/1314/Gaina
1813,anime,Studio Lings,https://myanimelist.net/anime/producer/1813/Studio_Lings
1794,anime,EKACHI EPILKA,https://myanimelist.net/anime/producer/1794/EKACHI_EPILKA
1887,anime,Brio Animation,https://myanimelist.net/anime/producer/1887/Brio_Animation
1838,anime,33 Collective,https://myanimelist.net/anime/producer/1838/33_Collective
1864,anime,Ezόla,https://myanimelist.net/anime/producer/1864/Ez%CF%8Cla
1890,anime,Tear Studio,https://myanimelist.net/anime/producer/1890/Tear_Studio
1871,anime,Studio W.Baba,https://myanimelist.net/anime/producer/1871/Studio_WBaba
1872,anime,P.I.C.S.,https://myanimelist.net/anime/producer/1872/PICS
437,anime,Kamikaze Douga,https://myanimelist.net/anime/producer/437/Kamikaze_Douga
1530,anime,Emon,https://myanimelist.net/anime/producer/1530/Emon
1693,anime,Studio Flad,https://myanimelist.net/anime/producer/1693/Studio_Flad
1769,anime,helo.inc,https://myanimelist.net/anime/producer/1769/heloinc
443,anime,Studio PuYUKAI,https://myanimelist.net/anime/producer/443/Studio_PuYUKAI
884,anime,Strawberry Meets Pictures,https://myanimelist.net/anime/producer/884/Strawberry_Meets_Pictures
1873,anime,Silver,https://myanimelist.net/anime/producer/1873/Silver
1874,anime,Arvo Animation,https://myanimelist.net/anime/producer/1874/Arvo_Animation
1974,anime,ENGI,https://myanimelist.net/anime/producer/1974/ENGI
1722,anime,Bibury Animation Studios,https://myanimelist.net/anime/producer/1722/Bibury_Animation_Studios
1692,anime,Revoroot,https://myanimelist.net/anime/producer/1692/Revoroot
1983,anime,Anima&Co.,https://myanimelist.net/anime/producer/1983/Anima_Co
1972,anime,HOTZIPANG,https://myanimelist.net/anime/producer/1972/HOTZIPANG
1967,anime,Drive,https://myanimelist.net/anime/producer/1967/Drive
139,anime,Nihon Ad Systems,https://myanimelist.net/anime/producer/139/Nihon_Ad_Systems
1971,anime,Gainax Kyoto,https://myanimelist.net/anime/producer/1971/Gainax_Kyoto
1591,anime,Science SARU,https://myanimelist.net/anime/producer/1591/Science_SARU
2266,anime,Planet Nemo Animation,https://myanimelist.net/anime/producer/2266/Planet_Nemo_Animation
2085,anime,Acca effe,https://myanimelist.net/anime/producer/2085/Acca_effe
2086,anime,Giga Production,https://myanimelist.net/anime/producer/2086/Giga_Production
2201,anime,Studio Palette,https://myanimelist.net/anime/producer/2201/Studio_Palette
1978,anime,Maho Film,https://myanimelist.net/anime/producer/1978/Maho_Film
2056,anime,DRAWIZ,https://myanimelist.net/anime/producer/2056/DRAWIZ
1837,anime,G-angle,https://myanimelist.net/anime/producer/1837/G-angle
1973,anime,Monster's Egg,https://myanimelist.net/anime/producer/1973/Monsters_Egg
1893,anime,CygamesPictures,https://myanimelist.net/anime/producer/1893/CygamesPictures
517,anime,Asmik Ace,https://myanimelist.net/anime/producer/517/Asmik_Ace
1945,anime,Lide,https://myanimelist.net/anime/producer/1945/Lide
2305,anime,Fukushima Gaina,https://myanimelist.net/anime/producer/2305/Fukushima_Gaina
1807,anime,2:10 AM Animation,https://myanimelist.net/anime/producer/1807/2_10_AM_Animation
765,anime,Sakura Create,https://myanimelist.net/anime/producer/765/Sakura_Create
2572,anime,Adonero,https://myanimelist.net/anime/producer/2572/Adonero
2004,anime,Sunrise Beyond,https://myanimelist.net/anime/producer/2004/Sunrise_Beyond
1687,anime,Yokohama Animation Lab,https://myanimelist.net/anime/producer/1687/Yokohama_Animation_Lab
2027,anime,Team TillDawn,https://myanimelist.net/anime/producer/2027/Team_TillDawn
1407,anime,Children's Playground Entertainment,https://myanimelist.net/anime/producer/1407/Childrens_Playground_Entertainment
2057,anime,Toho Interactive Animation,https://myanimelist.net/anime/producer/2057/Toho_Interactive_Animation
1998,anime,Studio Signpost,https://myanimelist.net/anime/producer/1998/Studio_Signpost
1045,anime,Space Neko Company,https://myanimelist.net/anime/producer/1045/Space_Neko_Company
2115,anime,Gosay Studio,https://myanimelist.net/anime/producer/2115/Gosay_Studio
324,anime,Directions,https://myanimelist.net/anime/producer/324/Directions
2052,anime,Wolfsbane,https://myanimelist.net/anime/producer/2052/Wolfsbane
1521,anime,Studio Elle,https://myanimelist.net/anime/producer/1521/Studio_Elle
2053,anime,l-a-unch・BOX,https://myanimelist.net/anime/producer/2053/l-a-unch%E3%83%BBBOX
2080,anime,Super Normal Studio,https://myanimelist.net/anime/producer/2080/Super_Normal_Studio
2063,anime,Spell Bound,https://myanimelist.net/anime/producer/2063/Spell_Bound
2097,anime,HORNETS,https://myanimelist.net/anime/producer/2097/HORNETS
1903,anime,IMAGICA Lab.,https://myanimelist.net/anime/producer/1903/IMAGICA_Lab
1999,anime,Albacrow,https://myanimelist.net/anime/producer/1999/Albacrow
2134,anime,CANDY BOX,https://myanimelist.net/anime/producer/2134/CANDY_BOX
1263,anime,Dynamo Pictures,https://myanimelist.net/anime/producer/1263/Dynamo_Pictures
1982,anime,LIDENFILMS Osaka Studio,https://myanimelist.net/anime/producer/1982/LIDENFILMS_Osaka_Studio
1993,anime,Studio Bind,https://myanimelist.net/anime/producer/1993/Studio_Bind
2249,anime,FLAGSHIP LINE,https://myanimelist.net/anime/producer/2249/FLAGSHIP_LINE
2248,anime,Indivision,https://myanimelist.net/anime/producer/2248/Indivision
1189,anime,Sola Digital Arts,https://myanimelist.net/anime/producer/1189/Sola_Digital_Arts
2226,anime,Gambit,https://myanimelist.net/anime/producer/2226/Gambit
1892,anime,Sublimation,https://myanimelist.net/anime/producer/1892/Sublimation
2299,anime,GIFTanimation,https://myanimelist.net/anime/producer/2299/GIFTanimation
2300,anime,Studio Jemi,https://myanimelist.net/anime/producer/2300/Studio_Jemi
2295,anime,Story Effect,https://myanimelist.net/anime/producer/2295/Story_Effect
1997,anime,Studio Kai,https://myanimelist.net/anime/producer/1997/Studio_Kai
1984,anime,Bakken Record,https://myanimelist.net/anime/producer/1984/Bakken_Record
1380,anime,domerica,https://myanimelist.net/anime/producer/1380/domerica
2179,anime,FIREBUG,https://myanimelist.net/anime/producer/2179/FIREBUG
2129,anime,Visual Flight,https://myanimelist.net/anime/producer/2129/Visual_Flight
2009,anime,Yostar Pictures,https://myanimelist.net/anime/producer/2009/Yostar_Pictures
2142,anime,LEVELS,https://myanimelist.net/anime/producer/2142/LEVELS
2246,anime,studio MOTHER,https://myanimelist.net/anime/producer/2246/studio_MOTHER
2034,anime,Akatsuki,https://myanimelist.net/anime/producer/2034/Akatsuki
2656,anime,UchuPeople,https://myanimelist.net/anime/producer/2656/UchuPeople
1575,anime,DR Movie,https://myanimelist.net/anime/producer/1575/DR_Movie
755,anime,Jumondo,https://myanimelist.net/anime/producer/755/Jumondo
2325,anime,Bibury Animation CG,https://myanimelist.net/anime/producer/2325/Bibury_Animation_CG
2370,anime,Hayabusa Film,https://myanimelist.net/anime/producer/2370/Hayabusa_Film
2379,anime,Scooter Films,https://myanimelist.net/anime/producer/2379/Scooter_Films
2252,anime,Studio Kingyoiro,https://myanimelist.net/anime/producer/2252/Studio_Kingyoiro
2298,anime,AtelierPontdarc,https://myanimelist.net/anime/producer/2298/AtelierPontdarc
2405,anime,Staple Entertainment,https://myanimelist.net/anime/producer/2405/Staple_Entertainment
2438,anime,yell,https://myanimelist.net/anime/producer/2438/yell
2546,anime,Studio Sota,https://myanimelist.net/anime/producer/2546/Studio_Sota
2729,anime,CANON RECORDINGS,https://myanimelist.net/anime/producer/2729/CANON_RECORDINGS
2204,anime,OZ,https://myanimelist.net/anime/producer/2204/OZ
2326,anime,OLM Team Yoshioka,https://myanimelist.net/anime/producer/2326/OLM_Team_Yoshioka
2314,anime,Quad,https://myanimelist.net/anime/producer/2314/Quad
2366,anime,Kigumi,https://myanimelist.net/anime/producer/2366/Kigumi
1517,anime,Jinnan Studio,https://myanimelist.net/anime/producer/1517/Jinnan_Studio
2647,anime,Studio A. Craft,https://myanimelist.net/anime/producer/2647/Studio_A_Craft
